PersonID,Name,Nationality,Country Code,Hobby
0,Randy Morris,Trinidad and Tobago,1,Yo-yoing
1,Michelle Keller,Russia,7,Stargazing
2,Carolyn Farley,Netherlands,31,Water Polo
3,Jaime Armstrong,Austria,43, Field
4,Daniel Mccoy,Dominican Republic,1,Hang gliding
5,Shelby Castro,Saint Kitts and Nevis,1,Blacksmithing
6,David Fisher,France,33,Shooting guns
7,Eric Lynch,The Bahamas,1,Jigsaw Puzzles
8,Susan Little,Saint Vincent and the Grenadines,1,Wine Appreciation
9,Taylor Jimenez,Antigua and Barbuda,1,Sightseeing
10,Richard Moore,United States,1,Street games
11,Gloria Acevedo,Saint Lucia,1,Squash
12,Jessica Dodson MD,Germany,49,Piano
13,Kirk Barajas,United States,1,Triathlon
14,Adam Carter,Greece,30,Diecast Collectibles
15,Craig Wood,Romania,40,Snake
16,Jason Hill,Saint Kitts and Nevis,1,Volleyball
17,Erin Cole,Belgium,32,Websites
18,Katherine Thompson MD,Italy,39,Kite Boarding
19,Lauren Johnson,Netherlands,31,Jukskei
